repo_url,commit,parent,n_files,total_lines,avg_lines_per_file,status
https://github.com/1Panel-dev/MaxKB.git,7230daa5ec3e6574b6ede83dd48a4fbc0e70b8d8,159997c529e4cefd867f36f6842feb2f1f79f493,1952,404597,207.3,ok
https://github.com/1Panel-dev/MaxKB.git,50e96002ee5dca34c68d3d9333b64ea358c92304,7891a8d9a6d749039e6caaad1efefef234406c26,2092,428118,204.6,ok
https://github.com/1Panel-dev/MaxKB.git,026a2d623e2aa5efa67c4834651e79d5d7cab1da,378cbf545b6bb061585ead7a5c8ee4d72b7399b4,2092,428125,204.6,ok
https://github.com/1Panel-dev/MaxKB.git,38c4cfecd065293ede0437f6fa76cf0116591d25,158d41786b04d4ab76b6f23a3417a57b5f464721,2092,428177,204.7,ok
https://github.com/1Panel-dev/MaxKB.git,2d17b08e6b060329803754a05e806d0ddecf3fa8,90b760d5d90e9124a8c5a554b2662518dc2ebb01,2092,428445,204.8,ok
https://github.com/1Panel-dev/MaxKB.git,4d06362750b15390437f1d2e4d14ec79baef8559,2d17b08e6b060329803754a05e806d0ddecf3fa8,2092,428445,204.8,ok
https://github.com/1Panel-dev/MaxKB.git,479701a4d2e6059506bad0057a66bed91abb5aef,2d61834548061d57170bdb29b5b09791363d829f,2093,428766,204.9,ok
https://github.com/1Panel-dev/MaxKB.git,24cd68acae5f726eed828e2ac801827a2a70536f,675fdd0f309d878afe559c803461346ba0e036cf,2094,429073,204.9,ok
https://github.com/1Panel-dev/MaxKB.git,34fb95bde9574c5b3a734ab00c7f29b9e7d32669,86b182211f0c73b574999124450264660300ed80,2093,430097,205.5,ok
https://github.com/9001/copyparty.git,31b2801fd041f803f4a3d5c12c7d7cb5419048bc,9951e0333dae457f88e607eafb3418fcf7535d5d,467,132185,283.1,ok
https://github.com/9001/copyparty.git,1c9f894e149b6be3cc7de81efc93a4ce4766e0e5,981a7cd9dda0acedbc7f53b2c44adb241c38cb84,467,132454,283.6,ok
https://github.com/APTRS/APTRS.git,d1f1b3a5d1953082af8e075712ca29742e900d56,272db3c68224aa9e6b6d73e134a498e94a5a02d2,280,90645,323.7,ok
https://github.com/ASKBOT/askbot-devel.git,3da3d75f35204aa71633c7a315327ba39cb6295d,ffae1aee7db8d4c909a412aa763d41f08853a8fa,2452,523555,213.5,ok
https://github.com/AcademySoftwareFoundation/OpenImageIO.git,94ec2deec3e3bf2f2e2ff84d008e27425d626fe2,ec92d1eb713602c2fefcd6b0e2cf92989db08464,1581,589201,372.7,ok
https://github.com/Admidio/admidio.git,e47f70cc3cbcdb39635fdbaaef02d19f604b8c3e,058691609bcd5df3a25ad034f1b2b75aade821ff,1191,575301,483.0,ok
https://github.com/Aiven-Open/klaw.git,617ed96b1db111ed498d89132321bf39f486e3a1,c19ad30d4796e281bd5171663801b2ee79e6fa89,1880,510295,271.4,ok
https://github.com/Alex4SSB/ADB-Explorer.git,776f132cede86e1405520f2a28c78276dda5ab5a,e4e691cc2acf6c14376886348a7e3c50c83de46a,360,71895,199.7,ok
https://github.com/Alex4SSB/ADB-Explorer.git,1b9fed20e875f5e74fd04e9889402f969c2d34e4,c6b660a11c20594fe42686250b02c195844a3b00,365,73554,201.5,ok
https://github.com/Alex4SSB/ADB-Explorer.git,f7554690b1f68c6066c12aa45aec60303bca545b,1b9fed20e875f5e74fd04e9889402f969c2d34e4,366,73677,201.3,ok
https://github.com/Alinto/sogo.git,e9b3f2a43d7557e8416f6749df4ab4f9128af2d1,47239ba0fdaf71d1e4c2929c68a18c1b48181a7d,3267,1131324,346.3,ok
https://github.com/Alinto/sogo.git,83d4c522f87cfde0ba543837d9b24c3479083ec2,e821b20f87d1a9757f1d0aff7d1e31703f97054b,3267,1131431,346.3,ok
https://github.com/AmauriC/tarteaucitron.js.git,f0bbdac2fdf3cd24a325fc0928c0d34abf1b7b52,55f2e62e4245951bfde1e71d7798b5da927dfc19,88,14982,170.2,ok
https://github.com/Arksine/moonraker.git,74c5d8e44c4a4abbfbb06fb991e7ebb9ac947f42,bac55c65f84315ff5a3ba2e02a8fb9aff461ec4b,176,69421,394.4,ok
https://github.com/ArtifexSoftware/mupdf.git,a26f0142e7d390d4a82c6e5ae0e312e07cc4ec85,fc8ff4e1b62f001717b339a81c1753ad30374bea,1408,2229377,1583.4,ok
https://github.com/ArtifexSoftware/mupdf.git,0f17d789fe8c29b41e47663be82514aaca3a4dfb,88e158dc8f385b606fc6cbc1928e7f0115cad5d1,1408,2230412,1584.1,ok
https://github.com/Athroniaeth/fastapi-api-key.git,310b2c5c77305f38c63c0b917539a0344071dfd8,7c2c719058478f430e250ba59725b174d494ea71,73,12809,175.5,ok
https://github.com/AyeCode/userswp.git,ca0c81b9c76a26c5ac78a8f3604cf9122a7a4aa1,7553587315398be6c94ce5175864f86684d74390,855,240439,281.2,ok
https://github.com/BYVoid/OpenCC.git,345c9a50ab07018f1b4439776bad78a0d40778ec,0277545ec0a2bffd4d99abb7c43de9a36fd11379,1016,315238,310.3,ok
https://github.com/BishopFox/sliver.git,818127349ccec812876693c4ca74ebf4350ec6b7,4dc1fe145cf6231de860938d4b3d8056e77386cc,15510,10669811,687.9,ok
https://github.com/BrindleDigital/rentfetch.git,3c7162b24a8be5e5399c1a5bbaf0b949127aca75,779642dede2b71b489dd1f43e4cb8e3dc821d280,307,94364,307.4,ok
https://github.com/Budibase/budibase.git,21bc3f812b2312f082f7683c2abc22d1ecc880c7,8b15ca53d6066ab47db4f1100acca0a1623a8f27,3525,1221136,346.4,ok
https://github.com/Budibase/budibase.git,9fdbff32fb9e69650ba899a799e13f80d9b09e93,c1739d7a01554018a3f95ff49a9428ee9561fd7a,3554,1226335,345.1,ok
https://github.com/BurtTheCoder/mcp-maigret.git,b1ae073c4b3e789ab8de36dc6ca8111ae9399e7a,f086de5eb7d95af73ff8ba0de9eb3e8827ed4e1b,11,902,82.0,ok
https://github.com/Bytedesk/bytedesk.git,975e39e4dd527596987559f56c5f9f973f64eff7,11c935585a679cd1ff1970311d081131828b7e28,8859,1775797,200.5,ok
https://github.com/C4illin/ConvertX.git,7a936bdc0463936463616381ca257b13babc5e77,7ec6b66da8dc1ee02831f6fc26089175130452fc,117,10726,91.7,ok
https://github.com/CCExtractor/ccextractor.git,fd7271bae238ccb3ae8a71304ea64f0886324925,c65fb0874e49bec5f040e2a2316cd4dd3973e125,1021,486388,476.4,ok
https://github.com/CPS-IT/mailqueue.git,fd09aa4e1a751551bae4b228bee814e22f2048db,e438d54b62a7893feaa5417b90c3356233391a5b,88,14568,165.5,ok
https://github.com/ChurchCRM/CRM.git,748f5084fc06c5e12463dc7fdd62d1d31fc08d38,0a7229b99b5265e2a0191e40a6bde01f6a9da9f8,1350,703286,521.0,ok
https://github.com/ChurchCRM/CRM.git,ec4b16e9a3ca09c8a01a712bcb90579c42f2ba28,0a7229b99b5265e2a0191e40a6bde01f6a9da9f8,1350,703286,521.0,ok
https://github.com/ChurchCRM/CRM.git,d2f7f36e2ea342419026ddc4bc4ea8efbf5e7e98,390696ed5eace8a42839bcdd21f11e82088dc9bd,1540,986561,640.6,ok
https://github.com/ChurchCRM/CRM.git,68be1d12bc4cc1429575ae797ef05efe47030d39,5691b0dbc16f8bad3f33e162848189aa447a049c,1572,1102077,701.1,ok
https://github.com/ChurchCRM/CRM.git,b3da72a2b35f9c600e340a9dfd35e7792ff4f899,68be1d12bc4cc1429575ae797ef05efe47030d39,1572,1102146,701.1,ok
https://github.com/ChurchCRM/CRM.git,214694eb83778e1f5e52b3dfa2a99d0e965c1850,8404e9d364a5797085516ca79ab39fc72dee7aeb,1581,1104198,698.4,ok
https://github.com/ChurchCRM/CRM.git,39361628613af7682b813f3e62a412559616d674,e3e9d93fe8d201059d05e58cd1d3577515f3c80f,1572,1101496,700.7,ok
https://github.com/ChurchCRM/CRM.git,28ea7a2965fc2fe30e150fadb1ae38a97f8225c2,a57cce5a754a57ac4a96db3c7142b14e5e9a6815,1574,1100652,699.3,ok
https://github.com/Cisco-Talos/clamav.git,cd2f2975b93277de7f74464d48adb378375a305f,407407c98c484fed77471bec4498ee2717d63195,2836,1111772,392.0,ok
https://github.com/Comfy-Org/ComfyUI-Manager.git,f4fa394e0f03b013f1068c96cff168ad10bd0410,8d67702ab0fe90d5a1fe8d18f14edfc522f97bbb,96,245642,2558.8,ok
https://github.com/CyrilleB79/NVDA-Dev-Test-Toolbox.git,21a0544432b08971b5d18320e8256be12c610bea,3e53740986a5963525671aca4702f5568dd0ea57,64,16106,251.7,ok
https://github.com/DCMTK/dcmtk.git,edbb085e45788dccaf0e64d71534cfca925784b8,0fb00775e41786d542de31e8f65fe9089fe6b0e1,3524,1961682,556.7,ok
https://github.com/DataDog/guarddog.git,c3fb07b4838945f42497e78b7a02bcfb1e63969b,b2e10d2f5a0e1e0f2a14ade76cbec17d5cf4df35,188,89678,477.0,ok
https://github.com/DefaultFuction/Jeson-Customer-Relationship-Management-System.git,f0e991870e9d33701cca3a1d0fd4eec135af01a6,4f1449157f36c71199e671c865e58e76980933f5,17,1099,64.6,ok
https://github.com/DefaultFuction/Jeson-Customer-Relationship-Management-System.git,f76e7123fe093b8675f88ec8f71725b0dd186310,98bd4eb07fa19d4f2c5228de6395580013c97476,25,1429,57.2,ok
https://github.com/DefectDojo/django-DefectDojo.git,eb6120a379185d37eb1af17b69bb5614a830ab1f,c342120c48f3b05577565b69311b5c763c4abdbb,4188,4047624,966.5,ok
https://github.com/DevToys-app/DevToys.git,02fb7d46d9c663a4ee6ed968baa6a8810405047f,bfeafa7f29267836d038d186d42647720fd82dd6,2009,556890,277.2,ok
https://github.com/DioxusLabs/components.git,41e4242ecb1062d04ae42a5215363c1d9fd4e23a,db92c1eff9760f3240fd0d81cabee232b4dcf56b,353,38928,110.3,ok
https://github.com/Dokploy/dokploy.git,74e0bd5fe3ef7199f44fcd19c6f5a2f09b806d6f,7362cc49d2b7b57630a70756063cc5ecc2dbf3fc,1163,843772,725.5,ok
https://github.com/Dolibarr/dolibarr.git,743c22e57c0b2a017d6b92bec865d71ce6177a6a,4bfe5d2d4ae87bb741c609328a4c5d4dab278227,16111,4018012,249.4,ok
https://github.com/Dolibarr/dolibarr.git,6f425521b3e6f9f27eca05228e02093dbaa40dea,29c63752533449617a403162ddea7840cf89cf1c,16109,4020088,249.6,ok
https://github.com/EVerest/everest-core.git,b8139b95144e3fe0082789b7fafe4e532ee494a1,9ea06af3bed062f14067c8178cbecf00c33448be,3942,769584,195.2,ok
https://github.com/ErugoOSS/Erugo.git,256bc63831a0b5e9a94cb024a0724e0cd5fa5e38,eceb0a3425b7c2140ffbf05aaebe808441f21a25,282,78764,279.3,ok
https://github.com/FFmpeg/FFmpeg.git,d3be186ed1bcdcf2c093d6b13a0e66dc5132be2a,acd74f92009df648a6bf4eb9513b38c20d422aeb,6177,1471487,238.2,ok
https://github.com/FFmpeg/FFmpeg.git,a25462482c02c004d685a8fcf2fa63955aaa0931,39592f2bab61e2ce738ed6a4cfd77953be2a95cc,9888,2185473,221.0,ok
https://github.com/FFmpeg/FFmpeg.git,8abeb879df66ea8d27ce1735925ced5a30813de4,162f75b5e6798b385bb3eadd8280eff52d03cf29,10022,2226247,222.1,ok
https://github.com/FasterXML/jackson-core.git,8b25fd67f20583e75fb09564ce1eaab06cd5a902,ad93650d6f136f9d8ddf6e35ca4c729a881f9ce3,459,154879,337.4,ok
https://github.com/FiloSottile/edwards25519.git,d1c650afb95fad0742b98d95f2eb2cf031393abb,325f520de716c1d2d2b4e8dc2f82c7ccc5fac764,33,6261,189.7,ok
https://github.com/FlintSH/Flare.git,7763d7b954799552f287ab9260bb1353f8880163,db866eea311eeed871ec77ad0db9dc03d8ad55a8,276,54967,199.2,ok
https://github.com/FlintSH/Flare.git,cd894cc480619aef958be5de72b1445222fd8d36,6b01498d0481e53ae1bb7f380a12f5bfdef0b9e6,277,54861,198.1,ok
https://github.com/FreePBX/api.git,c16a3a79b83382fb4884e51174882ed635637002,2372fe515036f1c1e049cd6431a98ff7f034fb01,346,65945,190.6,ok
https://github.com/FreePBX/api.git,d66786634e7e7d3eedcb4d0931b32c415ba6e9ef,ae37c5dbff53b804540b95bd15ae4f78d6d6e002,880,116184,132.0,ok
https://github.com/FreePBX/api.git,5f194e39a47e5481e8947f9694304d32724175f6,d66786634e7e7d3eedcb4d0931b32c415ba6e9ef,880,116185,132.0,ok
https://github.com/FreeRDP/FreeRDP.git,4d44e3c097656a8b9ec696353647b0888ca45860,b0506e2ffa5996ea26852bca294c63eaeadb6c04,2915,781063,267.9,ok
https://github.com/FreeRDP/FreeRDP.git,e02e052f6692550e539d10f99de9c35a23492db2,3d8219aac28ad0c4230c5e14037797148857e131,2915,781700,268.2,ok
https://github.com/FreeRDP/FreeRDP.git,1c5c74223179d425a1ce6dbbb6a3dd2a958b7aee,f039d35032921e5fb9394300cb204fe07b59fa06,2915,781696,268.2,ok
https://github.com/FreeRDP/FreeRDP.git,026b81ae5831ac1598d8f7371e0d0996fac7db00,1c5c74223179d425a1ce6dbbb6a3dd2a958b7aee,2915,781692,268.2,ok
https://github.com/FreeRDP/FreeRDP.git,622bb7b4402491ca003f47472d0e478132673696,026b81ae5831ac1598d8f7371e0d0996fac7db00,2915,781694,268.2,ok
https://github.com/FreeRDP/FreeRDP.git,d2d4f449312ddafd4a4c6c8a4f856c7f0d44a3b5,622bb7b4402491ca003f47472d0e478132673696,2915,781704,268.2,ok
https://github.com/FreeRDP/FreeRDP.git,f3ab1a16139036179d9852745fdade18fec11600,d2d4f449312ddafd4a4c6c8a4f856c7f0d44a3b5,2915,781738,268.2,ok
https://github.com/FreeRDP/FreeRDP.git,2d563a50be17c1b407ca448b1321378c0726dd31,f3ab1a16139036179d9852745fdade18fec11600,2915,781741,268.2,ok
https://github.com/FreeRDP/FreeRDP.git,414f701464929c217f2509bcbd6d2c1f00f7ed73,2d563a50be17c1b407ca448b1321378c0726dd31,2915,781741,268.2,ok
https://github.com/FreeRDP/FreeRDP.git,c42ecbd183b001e76bfc3614cddfad0034acc758,414f701464929c217f2509bcbd6d2c1f00f7ed73,2915,781742,268.2,ok
https://github.com/FreeRDP/FreeRDP.git,d676518809c319eec15911c705c13536036af2ae,9af6f3a4af5428bc9eb1a9733c60097813578666,2915,781749,268.2,ok
https://github.com/FreeRDP/FreeRDP.git,d9ca272dce7a776ab475e9b1a8e8c3d2968c8486,d676518809c319eec15911c705c13536036af2ae,2915,781747,268.2,ok
https://github.com/FreeRDP/FreeRDP.git,afa6851dc80835d3101e40fcef51b6c5c0f43ea5,7ac64750a1c6747d1812d8a195be867c5dc27cfc,2917,782831,268.4,ok
https://github.com/FreeRDP/FreeRDP.git,58409406afe7c2a8a71ed2dc8e22075be4f41c0c,2341b5cec35b83c90d1460c5b39d357b6e9ca88a,2919,784388,268.7,ok
https://github.com/FreeRDP/FreeRDP.git,2e3b77e28ac6a398897d28ba464dcc5dfab9c9e2,58409406afe7c2a8a71ed2dc8e22075be4f41c0c,2919,784391,268.7,ok
https://github.com/FreeRDP/FreeRDP.git,9362a0bf8dda04eedbca07d5dfaec1044e67cc6b,2e3b77e28ac6a398897d28ba464dcc5dfab9c9e2,2919,784392,268.7,ok
https://github.com/FreeRDP/FreeRDP.git,b4f0f0a18fe53aa8d47d062f91471f4e9c5e0d51,9362a0bf8dda04eedbca07d5dfaec1044e67cc6b,2919,784424,268.7,ok
https://github.com/FreeRDP/FreeRDP.git,1994e9844212a6dfe0ff12309fef520e888986b5,b4f0f0a18fe53aa8d47d062f91471f4e9c5e0d51,2919,784420,268.7,ok
https://github.com/FreeRDP/FreeRDP.git,169d358734509e82663a0d6a0085ae726d439d8e,1994e9844212a6dfe0ff12309fef520e888986b5,2919,784474,268.7,ok
https://github.com/FreeRDP/FreeRDP.git,d3e8b3b9365be96a4f11dda149d71b3287227d0a,169d358734509e82663a0d6a0085ae726d439d8e,2919,784502,268.8,ok
https://github.com/FreeRDP/FreeRDP.git,f5e20403d6e325e11b68129803f967fb5aeec1cb,775e9e8576aa8e4b929a96042c5e0ef0e8d8b2ff,2920,784908,268.8,ok
https://github.com/FreeRDP/FreeRDP.git,65d59d3b3c2f630f2ea862687ecf5f95f8115244,0ff34a11248927627d505f2e45b8d4eb7b5ada1f,2920,785181,268.9,ok
https://github.com/FreeRDP/FreeRDP.git,a0be5cb87d760bb1c803ad1bb835aa1e73e62abc,a25b90adc2f575b6b66d0473cc581eabfb3f0574,2920,785470,269.0,ok
https://github.com/FreeRDP/FreeRDP.git,7d8fdce2d0ef337cb86cb37fc0c436c905e04d77,341b52ad96b41a4cde8190ce13aa0692684f80e1,2920,785489,269.0,ok
https://github.com/FreeRDP/FreeRDP.git,118afc0b954ba9d5632b7836ad24e454555ed113,fac35c3abbb0417025862122ac9984d4a5695fa6,2920,785552,269.0,ok
https://github.com/FreeRDP/FreeRDP.git,5f62aa11c1bdf00f94c40ea9ebb260a752740b80,549febe6858fe7c88ff17f2adcb45d9e2ae10e18,2923,787528,269.4,ok
https://github.com/FreeRDP/FreeRDP.git,6482b7a92fff3959582cef052d1967ad6bde3738,ed2e238095adcb5297c9bb9de3385aef963e032d,2922,790123,270.4,ok
https://github.com/FreeRDP/FreeRDP.git,ffad58fd2b329efd81a3239e9d7e3c927b8e503f,6482b7a92fff3959582cef052d1967ad6bde3738,2922,790161,270.4,ok
https://github.com/FreeRDP/FreeRDP.git,a9e0abf2eac8c2e370fa155bf1abb9d044c0ca8a,125b1ce99edd24636670eef58784eb7209d1af1b,2922,790859,270.7,ok
https://github.com/FreeRDP/FreeRDP.git,83d9aedea278a74af3e490ff5eeb889c016dbb2b,3b31022975cfc40a88dddc3994998f0589df0f5c,2925,793232,271.2,ok
https://github.com/FreeRDP/FreeRDP.git,cd27c8faca0eeb0d4309cc5837dfdf3c42eba4e7,c9f4cd8c60e9f1647e1440ab209e47d4b41fa4bd,2929,794527,271.3,ok
https://github.com/FreeRDP/FreeRDP.git,03b48b3601d867afccac1cdc6081de7a275edce7,cd27c8faca0eeb0d4309cc5837dfdf3c42eba4e7,2929,794527,271.3,ok
https://github.com/FreeRDP/FreeRDP.git,16df2300e1e3f5a51f68fb1626429e58b531b7c8,03b48b3601d867afccac1cdc6081de7a275edce7,2929,794603,271.3,ok
https://github.com/FreeRDP/FreeRDP.git,4ac0b6467d371a1ad47c1f751c5b305e4c068adb,abd1405cef936765ac700f149460d69818a518fe,2930,795926,271.6,ok
https://github.com/FreeRDP/FreeRDP.git,9be3f03d94a50892fd58a9f7dee72b2313c69b47,60204bb63fe546a0c85c1642e4ae66ca1b407da5,2930,795935,271.7,ok
https://github.com/FreeRDP/FreeRDP.git,1a890eb43492b5eb707cb3dd6fc908f696e8fc1c,9be3f03d94a50892fd58a9f7dee72b2313c69b47,2930,795945,271.7,ok
https://github.com/FreeRDP/FreeRDP.git,f6e43e208958140074ae9bb93cd0c9045a371c77,1a890eb43492b5eb707cb3dd6fc908f696e8fc1c,2930,795945,271.7,ok
https://github.com/FreeRDP/FreeRDP.git,dc7fdb165095139be779a4000199bc1706b06ad5,f6e43e208958140074ae9bb93cd0c9045a371c77,2930,795944,271.7,ok
https://github.com/FreeRDP/FreeRDP.git,c49d1ad43b8c7b32794d0250f2623c2dccd7ef25,dc7fdb165095139be779a4000199bc1706b06ad5,2930,795944,271.7,ok
https://github.com/FreeRDP/FreeRDP.git,a48dbde2c8a5b8b70a9d1c045d969a71afd6284c,c49d1ad43b8c7b32794d0250f2623c2dccd7ef25,2930,795954,271.7,ok
https://github.com/FreeRDP/FreeRDP.git,78188ab479c8e6eb9ba2475b3732c76b4bbe5425,a48dbde2c8a5b8b70a9d1c045d969a71afd6284c,2930,795955,271.7,ok
https://github.com/FreeRDP/FreeRDP.git,8078b8af1359055972e4fb2f509f543b69169391,d3920d122151213098614b1f6e298fd9b9116497,2930,796169,271.7,ok
https://github.com/FreshRSS/FreshRSS.git,60cf5ea297a17db861e73cd65d7b7862bd6bcc24,1621f12a15855b3e1b98d58b6e8effe959926b46,1176,215658,183.4,ok
https://github.com/FreshRSS/FreshRSS.git,476e57b04646416e24e24c56133c9fadf9e52b95,00f2f043ac2fc834b3ef82d41b4c710113e988e2,1193,218907,183.5,ok
https://github.com/FriendsOfShopware/FroshPlatformAdminer.git,c4dd6c3462af178b3a7d146d3c651c2c253e902b,b1d5b0e41b4bef17171b11f05379cac002b4dc77,34,3204,94.2,ok
https://github.com/GOVCERT-LU/eml_parser.git,99af03a09a90aaaaadd0ed2ffb5eea46d1ea2cc9,24a8b311d9d96759c8c075c3d73c4e18bb4a2a3f,52,22805,438.6,ok
https://github.com/GenericMappingTools/gmt.git,0ad2b491470df82c9ec1139dcbd70502fa28a082,de0dc6a7b740a5c012392139a1c23250a6bb4a63,3864,1206509,312.2,ok
https://github.com/GeoNode/geonode.git,4a852cfc1da732b10779b5bf5f087c8f02985571,784c527b9bbbb711c5a1d002581e1d3932ab85c9,1809,619995,342.7,ok
https://github.com/HackUCF/OnboardLite.git,1d32081a66f21bcf41df1ecb672490b13f6e429f,136a61c221537208ed4d48512ff55dd844acb2cc,106,14735,139.0,ok
https://github.com/HappyHackingSpace/gakido.git,369c67e67c63da510c8a9ab021e54a92ccf1f788,b3282f51a80ec2c49d389d01234186d5a767e948,103,19904,193.2,ok
https://github.com/Horilla-opensource/Horilla-crm.git,fc5c8e55988e89273012491b5f097b762b474546,38658f420d55de9b3f6e72d48e687683b5dafca3,4342,3216249,740.7,ok
https://github.com/HytaleModding/wiki.git,4a96b3f9bce9a9d34030c39a8d6e4c6b6183f13d,8eef6167c14acb4c620d24903f9f404b5e5a188a,272,40037,147.2,ok
https://github.com/ImageMagick/ImageMagick.git,3e0330721020e0c5bb52e4b77c347527dd71658e,9b94be4627c63bf810bb94503473d3b68353c35a,2250,1022269,454.3,ok
https://github.com/ImageMagick/ImageMagick.git,2fae24192b78fdfdd27d766fd21d90aeac6ea8b8,dce1f70aeba95b2be6619ac69d80f9de0b3c76ec,2250,1022331,454.4,ok
https://github.com/ImageMagick/ImageMagick.git,332c1566acc2de77857032d3c2504ead6210ff50,0d0752cf4b2bd7d2aaf9b309353365a02650b4e4,2250,1022334,454.4,ok
https://github.com/ImageMagick/ImageMagick.git,0349df6d43d633bd61bb582d1e1e87d6332de32a,9f389d8dc2dd0f4d14a31297c6b949222699a1b2,2250,1022342,454.4,ok
https://github.com/ImageMagick/ImageMagick.git,077b42643212d7da8c1a4f6b2cd0067ebca8ec0f,b4f8e1a387dd1d0a0af516071831a235f2fdf437,2250,1022380,454.4,ok
https://github.com/ImageMagick/ImageMagick.git,30ce0e8efbd72fd6b50ed3a10ae22f57c8901137,783af7c3dda52ae62d552103e90b0447fe4771a4,2250,1022618,454.5,ok
https://github.com/ImageMagick/ImageMagick.git,e87695b3227978ad70b967b8d054baaf8ac2cced,ca3b0dabc836589538558c9047cea6f2e0eb9e14,2253,1023662,454.4,ok
https://github.com/ImageMagick/ImageMagick.git,0377e60b3c0d766bd7271221c95d9ee54f6a3738,83847c348aafccbbea89ec8ed44382598aea3f98,2253,1023744,454.4,ok
https://github.com/ImageMagick/ImageMagick.git,d27b840a61b322419a66d0d192ff56d52498148d,e2e023dfa33df284ea1cbe3f068e1003e92f8ce7,2255,1024389,454.3,ok
https://github.com/ImageMagick/ImageMagick.git,4c72003e9e54a4ebaa938d239e75f5d285527ebe,d27b840a61b322419a66d0d192ff56d52498148d,2255,1024391,454.3,ok
https://github.com/ImageMagick/ImageMagick.git,d3c0a37485314c5ccef72efb18f3847cd53868ba,4c72003e9e54a4ebaa938d239e75f5d285527ebe,2255,1024393,454.3,ok
https://github.com/ImageMagick/ImageMagick.git,ccdc01180276aa2cb3d4a32a611aa4f417061cd8,b620ae39d3b600c31dfafd7d16c6097b57881c7e,2255,1024400,454.3,ok
https://github.com/ImageMagick/ImageMagick.git,cca607366fb38c2dde019a9088b8415ffba3a835,ccdc01180276aa2cb3d4a32a611aa4f417061cd8,2255,1024414,454.3,ok
https://github.com/ImageMagick/ImageMagick.git,ae679e2fd19ec656bfab9f822ae4cf06bf91604d,cca607366fb38c2dde019a9088b8415ffba3a835,2255,1024404,454.3,ok
https://github.com/ImageMagick/ImageMagick.git,bcd8519c70ecd9ebbc180920f2cf97b267d1f440,1e87687ba0512ce68b84524ebcdf69456245e407,2255,1024958,454.5,ok
https://github.com/ImageMagick/ImageMagick.git,f86452a8aea37bf2b4bd36127f836dcc5f138b38,8cb2a8ebbe3a8cc6dc4e5475ca54fa23e495c091,2255,1025172,454.6,ok
https://github.com/ImageMagick/ImageMagick.git,3d653bea2df085c728a1c8f775808e1e9249dff9,ca761f220bbf0470e2e7967639bcfb5be305ad28,2255,1025254,454.7,ok
https://github.com/ImageMagick/ImageMagick.git,5facfecf1abb3fed46a08f614dcc43d1e548e20d,1c7767fc5f822c6edc104c1220d523e96fa20b5a,2255,1025264,454.7,ok
https://github.com/ImageMagick/ImageMagick.git,2a06c7be3bba3326caf8b7a8d1fa2e0d4b88998d,f2d430cc17d354148c761e8ba8d11b87ac2cb690,2255,1025278,454.7,ok
https://github.com/Intermesh/groupoffice.git,3fa40d7edd31fbe33babe07061d5a14ad19ea40f,538ba1882c87fa3ad9a88be60d25c90128e6a813,3562,727464,204.2,ok
https://github.com/Intermesh/groupoffice.git,ac91b128157bc9c5ea015b6141ce71cd3bbc43f0,2dec8eb2d247b6dc0c4f411de347c3d2ab8ff95d,3602,851458,236.4,ok
https://github.com/Intermesh/groupoffice.git,d28490a6a29936db7888aa841ab8ade88800540b,027f9564fb86ba9707c5c92ea176897c2cf97819,4125,1057107,256.3,ok
https://github.com/Intermesh/groupoffice.git,5ac199dce758e1ce0d1cdb6905df5da3c2af42b3,1332a3c7cf6fe01d3c5bd260847fdcd3e53f05a5,4125,1056798,256.2,ok
https://github.com/Intermesh/groupoffice.git,6c612deca97a6cd2a1bd4feea0ce7e8e9d907792,ed15e892bf4d03b224e67de169ab3b491bb5f7ad,4122,1056111,256.2,ok
https://github.com/InternLM/lmdeploy.git,71d64a339edb901e9005358e0633fbbab367d626,819a80836e991ca3f427b0e85faca159083d3d40,1296,220668,170.3,ok
https://github.com/InternationalColorConsortium/iccDEV.git,c6c0f1cf45b48db94266132ccda5280a1a33569d,55df8f494875fd611cbc17fabb68891eb28f7b1f,869,781902,899.8,ok
https://github.com/InternationalColorConsortium/iccDEV.git,d7028d8f558bb681efe2b85f02eb4ca374502cbb,82c5f8ebd6a66d82749b8997926b26bdac64bf06,869,781915,899.8,ok
https://github.com/InternationalColorConsortium/iccDEV.git,32740802ee14418bd14c429d7e2f142d92cd5c4f,d7028d8f558bb681efe2b85f02eb4ca374502cbb,869,781919,899.8,ok
https://github.com/InternationalColorConsortium/iccDEV.git,2eb25ab95f0db7664ec3850390b6f89e302e7039,9bb41cf936ca524d180cf497b995834829ba647a,664,652778,983.1,ok
https://github.com/InternationalColorConsortium/iccDEV.git,c136aac51d25cbb4d9db63f071edad4f088843df,b3d82e94163a4e7ff797d6b4f2347d324af64106,664,652779,983.1,ok
https://github.com/InternationalColorConsortium/iccDEV.git,7ff76d1471077172f9659de8d9536443eac7c48f,ace2d8856ee88f0ac1d4b5f2358f60f7c7e2056c,664,652890,983.3,ok
https://github.com/InternationalColorConsortium/iccDEV.git,7c2cb719a9de1c00844e457e070d657314383ee3,b656e807a4e8dcba23c962a0c3bb25bba1fc8ea9,664,653012,983.5,ok
https://github.com/InternationalColorConsortium/iccDEV.git,b200a629ada310137d6ae5c53fc9e6d91a4b0dae,7c2cb719a9de1c00844e457e070d657314383ee3,664,653016,983.5,ok
https://github.com/InternationalColorConsortium/iccDEV.git,75f124f40ba45491211cb4b67f0e05b7c7d59553,485fd34441833eef8e6824d833f17a90d5bb7911,664,653032,983.5,ok
https://github.com/InternationalColorConsortium/iccDEV.git,b5ad23aceece3789bdf1c47bae1ecf9d7bfcd26d,75f124f40ba45491211cb4b67f0e05b7c7d59553,664,653035,983.5,ok
https://github.com/InternationalColorConsortium/iccDEV.git,cce5f9b68a6c067b7ef898ccd5b000770745fb14,b5ad23aceece3789bdf1c47bae1ecf9d7bfcd26d,664,653038,983.5,ok
https://github.com/InternationalColorConsortium/iccDEV.git,d9e42a1fb2606e25e498eb94f34f6da89f522e35,cce5f9b68a6c067b7ef898ccd5b000770745fb14,664,653044,983.5,ok
https://github.com/InternationalColorConsortium/iccDEV.git,00c03013e11b35ddbd7caae4368d1add185849d9,8e71f0a701abcbd554725ba7b70258203e682a61,664,653052,983.5,ok
https://github.com/InternationalColorConsortium/iccDEV.git,798be59011649a26a529600cc3cd56437634d3d0,00c03013e11b35ddbd7caae4368d1add185849d9,664,653059,983.5,ok
https://github.com/InternationalColorConsortium/iccDEV.git,23a38f83f2a5874a1c4427df59ec342af3277cad,798be59011649a26a529600cc3cd56437634d3d0,664,653064,983.5,ok
https://github.com/InternationalColorConsortium/iccDEV.git,55259a6395c4f6124b5d0e38469c77412926bd3d,a15b3f68e585d337f123d53d541eb36d710bded5,664,653069,983.5,ok
https://github.com/InternationalColorConsortium/iccDEV.git,f2ea32372ad3ebbd29147940229cb9c5548fe033,55259a6395c4f6124b5d0e38469c77412926bd3d,664,653073,983.5,ok
https://github.com/InternationalColorConsortium/iccDEV.git,b1bb72fc3e9442ee1355aabae7314bb7d3fc9d41,f2ea32372ad3ebbd29147940229cb9c5548fe033,664,653081,983.6,ok
https://github.com/InternationalColorConsortium/iccDEV.git,fa9a364c01fc2e59eb2291e1f9b1c1359b7d5329,7f0ebcf57b5fd9734177c89fb243e1d22138fed0,664,654453,985.6,ok
https://github.com/InternationalColorConsortium/iccDEV.git,3092499cd4d0775f4a716b999899f9c26f9bc614,2ae9bbf914f6064d8f7b8ae8ecef5c4d0ecd2c0f,664,654666,985.9,ok
https://github.com/InternationalColorConsortium/iccDEV.git,5e53a5d25923b7794ba44e390e9b35d391f2b9c1,3092499cd4d0775f4a716b999899f9c26f9bc614,664,654754,986.1,ok
https://github.com/InternationalColorConsortium/iccDEV.git,be5d7ec5cc137c084c08006aee8cd3ed378c7ac2,b3f6a0b68a62ad04478cb689ad16200570ac92fd,664,654797,986.1,ok
https://github.com/InternationalColorConsortium/iccDEV.git,353e6517a31cb6ac9fdd44ac0103bc2fadb25175,be5d7ec5cc137c084c08006aee8cd3ed378c7ac2,664,654798,986.1,ok
https://github.com/InternationalColorConsortium/iccDEV.git,b5e5dd238f609ec1a4efb25674e7fa4bd29d894a,6a377662fb154c0d1e370896a25fab5c601a1c6e,664,654855,986.2,ok
https://github.com/InternationalColorConsortium/iccDEV.git,8a6df2d8dac1e971a18be66fa36e3a0d6584f919,b5e5dd238f609ec1a4efb25674e7fa4bd29d894a,664,654860,986.2,ok
https://github.com/InternationalColorConsortium/iccDEV.git,ba81cd94b9c82b1d3905d45427badbd9d8adfa15,8a6df2d8dac1e971a18be66fa36e3a0d6584f919,664,654867,986.2,ok
https://github.com/InternationalColorConsortium/iccDEV.git,c9cb108f58683bd87afca616dea3e4cdb884c23f,ba81cd94b9c82b1d3905d45427badbd9d8adfa15,664,654889,986.3,ok
https://github.com/InternationalColorConsortium/iccDEV.git,9206e0b8684e4cf4186d9ae768f16760bc1af9ff,5df038887f0fb80535c59731e5328f4c5f43f1e1,664,654890,986.3,ok
https://github.com/InternationalColorConsortium/iccDEV.git,29d088840b962a7cdd35993dfabc2cb35a049847,8cfeaec7dc52667eb54acaa52d00a06941a0ace4,674,658002,976.3,ok
https://github.com/InternationalColorConsortium/iccDEV.git,43ae18dd69fc70190d3632a18a3af2f3da1e052a,29d088840b962a7cdd35993dfabc2cb35a049847,674,658002,976.3,ok
https://github.com/InvoicePlane/InvoicePlane.git,add8bb798dde621f886823065ef1841986543c69,2658e9bc5dad04d21ed23f460c7714dc3b62da0a,569,79358,139.5,ok
https://github.com/InvoicePlane/InvoicePlane.git,93622f2df88a860d89bfee56012cabb2942061d6,af1cfd845a004023f6c88284e3f9a3eaed0fcfdc,589,85423,145.0,ok
https://github.com/Jexactyl/Jexactyl.git,e28edb204e80efab628d1241198ea4f079779cfd,025e8dbb0daaa04054276bda814d922cf4af58da,1762,123312,70.0,ok
https://github.com/Jump-App/esaml.git,bab85efde7c136911402a881ca55173759467a26,51676dd93405af96eb968e588f5650f455330e45,37,3706,100.2,ok
https://github.com/JuneAndGreen/sm-crypto.git,b1c824e58fdf1eaa73692c124a095819a8c45707,e4d28debc2ca3f3bddafd911056b237c6bcc06e3,29,31275,1078.4,ok
https://github.com/JuneAndGreen/sm-crypto.git,85295a859d0766222d12ce2be3e6fce7b438b510,53dfb6034696957f2e405709d3d5ec9c5181e648,29,31324,1080.1,ok
https://github.com/KDE/messagelib.git,01adef0482bb3d5c817433db5208620c84a992b3,c8f7acd28ab1a84f2823f4a5b828b39ce538fe3c,2361,2147197,909.4,ok
https://github.com/Keats/jsonwebtoken.git,abbc3076742c4161347bc6b8bf4aa5eb86e1dc01,e99740d15420b735cd3ba90db1e8dfdbcaa51b2f,72,6489,90.1,ok
https://github.com/Kludex/python-multipart.git,9433f4bbc9652bdde82bbe380984e32f8cfc89c4,d5c91ecb0aa1cae03fe2d9811d193c952e714f17,95,6153,64.8,ok
https://github.com/Kovah/LinkAce.git,eb5ba2abe05177ffa678baac0aa3f9c48b47d2f0,5c079c33d40615857d14d205a5acba9892ffe6bf,1126,81345,72.2,ok
https://github.com/Kozea/CairoSVG.git,6dde8685ed3f19837767bce7a13a5491e3d0e0bf,a6b3a98ca17911967e4682d2e7f6590073a76175,1264,109338,86.5,ok
https://github.com/LabRedesCefetRJ/WeGIA.git,79e7a164eddb527e3b331037b7a4defb8c115d50,d3197e64fb090ac61998c01efa40da49c8947d95,10430,2053394,196.9,ok
https://github.com/LemmyNet/lemmy.git,f47a03f56d1797bceab5f34b6f624c91cecd5871,ce79adeee1ec9c07375c682e913c8dbd262697a9,1091,113238,103.8,ok
https://github.com/LibRaw/LibRaw.git,a6734e867b19d75367c05f872ac26322464e3995,fb4463554bed929a9c91a4ec454b4c8bd67a4acb,225,81531,362.4,ok
https://github.com/LibRaw/LibRaw.git,b8397cd45657b84e88bd1202528d1764265f185c,798ecc5322495e27d5ed929dca4f9b4de9ae6100,225,81622,362.8,ok
https://github.com/LibVNC/libvncserver.git,dc78dee51a7e270e537a541a17befdf2073f5314,9664466442a63afd3fe51b63d6eded64bdde031b,174,79093,454.6,ok
https://github.com/LibVNC/libvncserver.git,009008e2f4d5a54dd71f422070df3af7b3dbc931,dc78dee51a7e270e537a541a17befdf2073f5314,174,79097,454.6,ok
https://github.com/LigeroSmart/ligerosmart.git,264ac5b2be5b3c673ebd8cb862e673f5d300d9a7,61dab1b0104eb8501890b4ba69afab3a08f17127,7463,4742823,635.5,ok
https://github.com/LimeSurvey/LimeSurvey.git,3712854a8fd8d875c67640969a1d54c4d93d3676,5ee728a8d6888fb0cc98e54c3f81d5f2567619c9,13386,4418787,330.1,ok
https://github.com/LimeSurvey/LimeSurvey.git,80769a677dc82ddb1fcced4af19bd959d583208d,692b56dc459d5e603a62169e3596ea73652ca7ea,20256,5509164,272.0,ok
https://github.com/LuckyPennySoftware/AutoMapper.git,0afaf1e91648fca1a57512e94dd00a76ee016816,c343d02c8a7d96752c0ce108a2a834be8da86baa,585,132372,226.3,ok
https://github.com/LycheeOrg/Lychee.git,f021a29f9ab2bafa81d9f5e32ff5bc89915c7d41,219eb90ba89dcb7bcb05246c5310242b1e1f8c00,2911,740970,254.5,ok
https://github.com/LycheeOrg/Lychee.git,41386677681d18cd04e42a35b50bd88bf53a4a6a,d44427f212ff209a3e6ecd548ca08e2952337db6,3320,875463,263.7,ok
https://github.com/LycheeOrg/Lychee.git,28c5261fb9deab4f9420c8cc2f73a87425939107,9ad09936d95c3b17923f3349387081903cb8ca49,3328,878947,264.1,ok
https://github.com/LycheeOrg/Lychee.git,d2e2606a0223d5a384d5b806db1b31eb587adc5c,33dc5750a72c03b27ab315437868688c8302464c,3329,879158,264.1,ok
https://github.com/LycheeOrg/Lychee.git,76a3f0513eca6458bf7f8c337c1ad65e59b22bcb,3444285d35292a493a7385c1f8b102136a3a8e1f,3421,888686,259.8,ok
https://github.com/MCPJam/inspector.git,e6b9cf9d9e6c9cbec31493b1bdca3a1255fe3e7a,0896edbafda8af3f7993dde2c5fd445b4802a635,527,197025,373.9,ok
https://github.com/MISP/MISP.git,d7d671ea8f5822e91207dcad2003c35c30092a32,1cce5319451ab279c33ec98d8447f6fbff77d376,2349,1337291,569.3,ok
https://github.com/MISP/MISP.git,380ee4136a7d9ce2fe63fce06d517839f30aba10,d7d671ea8f5822e91207dcad2003c35c30092a32,2349,1337291,569.3,ok
https://github.com/MacWarrior/clipbucket-v5.git,09536e6e2ca6d69a2ee83190b588c0b8116dd16d,ca319093bb2aacb0f7b359ca0dc857dd53acc7e7,4844,885068,182.7,ok
https://github.com/MacWarrior/clipbucket-v5.git,a9e0f2322fb37501dfd4f44079fc7826a132503a,c76b7f5604eea9bbdf655895fb229108aa82afad,4845,885116,182.7,ok
https://github.com/MacWarrior/clipbucket-v5.git,2da4c8e41f9e4baf47ff89f8a674fbe9b63ac76d,4321aeb1b3b4fd25e8750d71ec63b2b80a89ab36,4913,890229,181.2,ok
https://github.com/MacWarrior/clipbucket-v5.git,726d68b0c9d4c702dce2691c2759b6bf84a1691f,63b5b467e5487eeb61c4137d501d0fc8df3a8fc4,4924,891603,181.1,ok
https://github.com/ManageIQ/manageiq.git,79cef10c7d0278d8a37c3f547c426948180df4df,f78e51dccc287770bf12361742d4ec477e4b40eb,2823,896837,317.7,ok
https://github.com/MariaDB/server.git,635559a2ad68a5a6d1a354e8209c58323dba0261,2dcd3cefe1f50366ab9f4cce5325483b43e5efcc,24665,8472555,343.5,ok
https://github.com/Mintplex-Labs/anything-llm.git,e287fab56089cf8fcea9ba579a3ecdeca0daa313,092b1b45f80d65471dcde923d62185dbc9e86bee,1075,203649,189.4,ok
https://github.com/Mintplex-Labs/anything-llm.git,9e2d144dc8be6fab29f560f5bcdaa9ef7dbb4214,c76576a9dad74ad8056ae687f054897eeea7df9d,1126,215394,191.3,ok
https://github.com/Mintplex-Labs/anything-llm.git,334ce052f063b53a4275518cbed3bab357695d7e,9e2d144dc8be6fab29f560f5bcdaa9ef7dbb4214,1126,215397,191.3,ok
https://github.com/Mintplex-Labs/anything-llm.git,732eac6fa89f43288bbb65ecc6298ebcd96b7aeb,e7ebeb47fcb0255b95c6085d0530774c4608340e,1126,215461,191.4,ok
https://github.com/Mintplex-Labs/anything-llm.git,a207449095158f28c7e16acf113356b336c87803,732eac6fa89f43288bbb65ecc6298ebcd96b7aeb,1126,215502,191.4,ok
https://github.com/Mintplex-Labs/anything-llm.git,6a492f038da195a5c9a239d5ca2e9f2151c25f8c,a207449095158f28c7e16acf113356b336c87803,1126,215541,191.4,ok
https://github.com/Mintplex-Labs/anything-llm.git,f5fa03f4728e483949f6360093bc3ea1ef555535,29b924e5f713eeb84034e0e0934a3bc3825a74f6,1277,258374,202.3,ok
https://github.com/MobSF/Mobile-Security-Framework-MobSF.git,2b08dd050e7685ee2a14fdbb454affab94129eae,457d1e61f3c8dccc3351b40cf7cc34fb764ac615,511,1324814,2592.6,ok
https://github.com/MobSF/Mobile-Security-Framework-MobSF.git,6f8a43c1b78d21cfbd7186aaafa7f622d990e0f1,df069296d43a17efc31d879594efa151f8405ab9,511,1324721,2592.4,ok
https://github.com/MrNanko/webp4j.git,89771b201c66d15d29e4cc016d8aae82b6a5fbe1,c9af11945bba64d12a49b8ea2689ed2657f7308d,35,55398,1582.8,ok
https://github.com/NOAA-PMEL/LAS.git,e69afb1898ae7e69f3e047513fc1e5570373912b,2f7718f50b15e0094a6209641a16753d428099e1,2079,734448,353.3,ok
https://github.com/NOAA-PMEL/LAS.git,de5f9237bfd4ac5085bcc49a6e30bbc9507ddb29,3e6aa6969e3ce9c1afad88273e33f5a4568fb6f8,2079,734455,353.3,ok
https://github.com/NationalSecurityAgency/emissary.git,1faf33f2494c0128f250d7d2e8f2da99bbd32ae8,082b263a19532454b24dfbed1605311854ea778f,940,176137,187.4,ok
https://github.com/NaturalIntelligence/fast-xml-parser.git,4e387f61c4a5cef792f6a2f42467013290bf95dc,088b47a660b13003644e4399c48f0d4593fb4e59,175,3779796,21598.8,ok
https://github.com/NaturalIntelligence/fast-xml-parser.git,ddcd0acf26ddd682cb0dc15a2bd6aa3b96bb1e69,341b582219b1eb57e4c34ca58881602cba6b8711,175,3779748,21598.6,ok
https://github.com/NaturalIntelligence/fast-xml-parser.git,943ef0eb1b2d3284e72dd74f44a042ee9f07026e,ddcd0acf26ddd682cb0dc15a2bd6aa3b96bb1e69,175,3779752,21598.6,ok
https://github.com/NaturalIntelligence/fast-xml-parser.git,910dae5be2de2955e968558fadf6e8f74f117a77,fe9a85270122036ae22637167ce38a5f71b73a5f,176,3780069,21477.7,ok
https://github.com/NaturalIntelligence/fast-xml-parser.git,c13a961910f14986295dd28484eee830fa1a0e8a,fc97a550e8f7127d169c5cd72c38f3ff71a26057,177,3781401,21363.8,ok
https://github.com/NaturalIntelligence/fast-xml-parser.git,bd26122c838e6a55e7d7ac49b4ccc01a49999a01,7e70dd8f758f3f494c4e14a281cea35b7d8d0d13,176,3781604,21486.4,ok
https://github.com/NaturalIntelligence/fast-xml-parser.git,239b64aa1fc5c5455ddebbbb54a187eb68c9fdb7,61cb666d13044b483aa495a6c020789f22e670b4,176,3781672,21486.8,ok
https://github.com/NeoRazorX/facturascripts.git,2afd98cecd26c5f8357e0e321d86063ad1012fc3,e096bffc6a9f47cca33b4e1fdda009dc3e4fbb2a,1351,240917,178.3,ok
https://github.com/NeoRazorX/facturascripts.git,1b6cdfa9ee1bb3365ea4a4ad753452035a027605,6d0c920b57e985ba031595ea8010336edd79997e,1351,241328,178.6,ok
https://github.com/NeoRazorX/facturascripts.git,5c070f82665b98efd2f914a4769c6dc9415f5b0f,bcb1e50b61ea449bf18c9688b311e7401ee65321,1351,241435,178.7,ok
https://github.com/Neoteroi/BlackSheep.git,bd4ecb9542b5d52442276b5a6907931b90f38d12,ca4252cc0dc93dd39cab3cba99790ec408465191,278,65385,235.2,ok
https://github.com/NixOS/nix.git,a3163b9eabb952b4aa96e376dea95ebcca97b31a,fb37e184a5750826db4895fb1eef79d8293482d3,1686,170162,100.9,ok
https://github.com/NuGet/NuGetGallery.git,0e80f87628349207cdcaf55358491f8a6f1ca276,4c8ecb16f26e019ec62c0698a91866673bb0c773,5228,718698,137.5,ok
https://github.com/OISF/suricata.git,af246ae7ab1b70c09f83c0619b253095ccc18667,5c0f95faecbe87e3ddaa851562152b4b66f6e3f5,2317,660521,285.1,ok
https://github.com/OISF/suricata.git,0eff24213763c2aa2bb0957901d5dc1e18414dbf,1d7b0d9b7a4cb967d37d9e56e4280581960193eb,2318,660694,285.0,ok
https://github.com/OISF/suricata.git,d6bc718e303ecbec5999066b8bc88eeeca743658,0eff24213763c2aa2bb0957901d5dc1e18414dbf,2318,660696,285.0,ok
https://github.com/OISF/suricata.git,ac1eb394181530430fb7262969f423a1bf8f209b,f2a45c4216388471b0e89eb06a02de27a2fdf901,2318,660740,285.0,ok
https://github.com/OP-TEE/optee_os.git,e031c4e562023fd9f199e39fd2e85797e4cbdca9,496fea3c81a4375e36b41423346499a85c89122e,3169,773523,244.1,ok
https://github.com/OP-TEE/optee_os.git,16926d5a46934c46e6656246b4fc18385a246900,e031c4e562023fd9f199e39fd2e85797e4cbdca9,3169,773533,244.1,ok
https://github.com/OP-TEE/optee_os.git,149e8d7ecc4ef8bb00ab4a37fd2ccede6d79e1ca,16926d5a46934c46e6656246b4fc18385a246900,3169,773544,244.1,ok
https://github.com/OSC/ondemand.git,37f0ae4efb222e9c0af250feae860a720427df16,80c9b1172f0ec4ff41f7ce7d2bf6641f075a8bc2,1461,234556,160.5,ok
https://github.com/OctoPrint/OctoPrint.git,249fd80ab01bc4b7dabedff768230a0fb5d01a8c,02c7cfcdd3ab887b7b0ec10efd3c622b8e725fe6,1009,472951,468.7,ok
https://github.com/OliveTin/OliveTin.git,f044d90d5525c4c8e3f421b32ed7eff771c22d36,aa2bd95ccb8f00a1c97ebcb0a03e8d49867ffde6,284,64891,228.5,ok
https://github.com/OliveTin/OliveTin.git,d9804182eae43cf49f735e6533ddbe1541c2b9a9,a565e1ce4ce5bcaefa70cec7c336094a5d92a3b4,284,64906,228.5,ok
https://github.com/OliveTin/OliveTin.git,e97d8ecbd8d6ba468c418ca496fcd18f78131233,92a1346edf0e8c6202b6e575806eaf57b9df4ef5,286,65135,227.7,ok
https://github.com/OliveTin/OliveTin.git,d6a0abc3755d43107be1939567c52953bcbec3d5,235493e471249b07cf20abdf5850f9ba38d8effa,286,65025,227.4,ok
https://github.com/OliveTin/OliveTin.git,cb46a597b2465235839ed58cf034b5e7b70ef911,235493e471249b07cf20abdf5850f9ba38d8effa,286,65025,227.4,ok
https://github.com/OliveTin/OliveTin.git,d7962710e7c46f6bdda4188b5b0cdbde4be665a0,235493e471249b07cf20abdf5850f9ba38d8effa,286,65025,227.4,ok
https://github.com/OneUptime/oneuptime.git,7f9ed4d43945574702a26b7c206e38cc344fe427,d62816dd49f73431aa5cf90988c5e2c64b08fad3,5453,1373264,251.8,ok
https://github.com/OneUptime/oneuptime.git,f2cce35a04fac756cecc7a4c55e23758b99288c1,93cead93fd2c4f2c1b9fe4c2ba53d5ad7526c236,5469,1380539,252.4,ok
https://github.com/OneUptime/oneuptime.git,e8e4ee3ff0740eb131045ab3d67453141c46178a,3efacce00266b061ca60e3917fe733c3cbe24f2d,5548,1359892,245.1,ok
https://github.com/OneUptime/oneuptime.git,9adbd04538714740506708d6fa610e433be4d2a4,6ef8cc6db6bd2f9be6b0b2600d1400a9da064939,5701,1400572,245.7,ok
https://github.com/OneUptime/oneuptime.git,2fd7ede52f60444710628d6c1b34dee2ef9e57d1,599e8dda1d192eb61cefb17b8f94c172c23fd6cb,5705,1402381,245.8,ok
https://github.com/OpenAgentPlatform/Dive.git,a5162ac9eff366d8ea1215b8a47139a81a55a779,70a24214e81adf99dc500d4b00c7ab886e4fbcad,449,189304,421.6,ok
https://github.com/OpenCTI-Platform/opencti.git,f755165a26888925c4a58018f7238ff92a0bd378,e264aa484a19a08cf34afea8573452a4b94cc3d0,4357,1730258,397.1,ok
https://github.com/OpenGamePanel/OGP-Website.git,52f865a4fba763594453068acf8fa9e3fc38d663,e01f3593d151671ccdb318a6e18d395d5117b040,4402,781730,177.6,ok
https://github.com/OpenListTeam/OpenList.git,7b78fed106382430c69ef351d43f5d09928fff14,d685bbfa9adc3037dc31813615ae9b3fe6d46993,759,121808,160.5,ok
https://github.com/OpenListTeam/OpenList.git,e3c664f81d0584fbbdb86ffe6644be16259371c1,7b78fed106382430c69ef351d43f5d09928fff14,759,121827,160.5,ok
https://github.com/OpenPrinting/cups.git,88516bf6d9e34cef7a64a704b856b837f70cd220,4bcd4b459ed02d3dff8e760de1165c1b3b1322a8,1477,1125586,762.1,ok
https://github.com/OpenPrinting/cups.git,d7fe0f521ff3b24676511e747b058362b9a20737,4ac17a8442f1ea42afba024b8944567ee2cc21c3,1477,1125797,762.2,ok
https://github.com/OpenSC/OpenSC.git,efd1d479832141bcf705c2f47655ada4d5f92f5d,56bc5e9575965461d99a274be45d71c18ab6eae0,737,293913,398.8,ok
https://github.com/OpenSC/OpenSC.git,6db171bcb6fd7cb3b51098fefbb3b28e44f0a79c,be548cdd7f789a7c7fae48b43a2c0c8b064ec1eb,745,296579,398.1,ok
https://github.com/OpenSIPS/opensips.git,3822d33c1c6b25832fdd88da1d23eed74be55b05,a4e700d598c70caacf27c342b3c664ccfcf5ba5b,3913,999768,255.5,ok
https://github.com/OpenSift/OpenSift.git,1126e0a503876056a68a434e19f64158a5a4840b,4f858bc033a013775a5a1ef2cd326ff759ccee3d,70,37114,530.2,ok
https://github.com/OpenSlides/openslides-auth-service.git,70c1aa9f5e1db59ec120ecce98d1c1169350a4ee,5308c9d2795a7cafc0bb2ce9ac023818c799c214,157,27089,172.5,ok
https://github.com/PSeitz/lz4_flex.git,055502ee5d297ecd6bf448ac91c055c7f6df9b6d,7191df8231f2be4daa70c9171ed1c1521123efe5,63,452388,7180.8,ok
https://github.com/PX4/PX4-Autopilot.git,616b25a280e229c24d5cf12a03dbf248df89c474,f11e2106afcd44a3bd1577e540b05c3510066a10,13653,3208726,235.0,ok
https://github.com/Parsl/parsl.git,013a928461e70f38a33258bd525a351ed828e974,2c37ae3e75137095302dac5f9cd3ca956cb51a47,619,84927,137.2,ok
